blabla, 2020-01-20, 2020-01-20
toto2, 2021-10-01, 2021-10-01
howl, 2020-01-20, 2020-01-20
bird, 2021-10-01, 2021-10-01
howl, 2020-01-20, 2020-01-20
bird, 2021-10-01, 2021-10-01
howl, 2020-01-20, 2020-01-20
bird, 2021-10-01, 2021-10-01
howl, 2020-01-20, 2020-01-20
bird, 2021-10-01, 2021-10-01
howl, 2020-01-20, 2020-01-20
bird, 2021-10-01, 2021-10-01
howl, 2020-01-20, 2020-01-20
bird, 2021-10-01, 2021-10-01
howl, 2020-01-20, 2020-01-20
bird, 2021-10-01, 2021-10-01
bird, 2021-10-01, 2021-10-01
howl, 2020-01-20, 2020-01-20
bird, 2021-10-01, 2021-10-01
howl, 2020-01-20, 2020-01-20
bird, 2021-10-01, 2021-10-01
howl, 2020-01-20, 2020-01-20
bird, 2021-10-01, 2021-10-01
howl, 2020-01-20, 2020-01-20
bird, 2021-10-01, 2021-10-01
bird, 2021-10-01, 2021-10-01
howl, 2020-01-20, 2020-01-20
bird, 2021-10-01, 2021-10-01
howl, 2020-01-20, 2020-01-20
bird, 2021-10-01, 2021-10-01
howl, 2020-01-20, 2020-01-20
bird, 2021-10-01, 2021-10-01
howl, 2020-01-20, 2020-01-20
bird, 2021-10-01, 2021-10-01